[
    {
        "name": "envms/fluentpdo",
        "version": "v1.1.2",
        "version_normalized": "1.1.2.0",
        "source": {
            "type": "git",
            "url": "https://github.com/envms/fluentpdo.git",
            "reference": "2bb54b27e6d53c35329ac7e651d869ac52f1944a"
        },
        "dist": {
            "type": "zip",
            "url": "https://api.github.com/repos/envms/fluentpdo/zipball/2bb54b27e6d53c35329ac7e651d869ac52f1944a",
            "reference": "2bb54b27e6d53c35329ac7e651d869ac52f1944a",
            "shasum": ""
        },
        "time": "2017-10-13T15:23:44+00:00",
        "type": "library",
        "installation-source": "dist",
        "autoload": {
            "files": [
                "FluentPDO/FluentPDO.php"
            ]
        },
        "notification-url": "https://packagist.org/downloads/",
        "license": [
            "Apache-2.0",
            "GPL-2.0+"
        ],
        "authors": [
            {
                "name": "envms",
                "homepage": "http://env.ms"
            }
        ],
        "description": "FluentPDO is a quick and light PHP library for rapid query building. It features a smart join builder, which automatically creates table joins.",
        "homepage": "https://github.com/envms/fluentpdo",
        "keywords": [
            "builder",
            "database",
            "db",
            "dbal",
            "fluent",
            "mysql",
            "oracle",
            "pdo",
            "query"
        ]
    }
]
